Node,DegreeCentrality,BetweennessCentrality,ClosenessCentrality,EigenvectorCentrality,PageRank,DegreeCentrality_High,BetweennessCentrality_High,ClosenessCentrality_High,EigenvectorCentrality_High,PageRank_High,HubScore,IsHub,Community
CD4,0.446097,0.391475,0.587336,0.365614,0.048084,True,True,True,True,True,5,True,0
CCR7,0.234201,0.064676,0.47193,0.26356,0.022451,True,True,True,True,True,5,True,0
CD27,0.200743,0.059949,0.474427,0.224773,0.0204,True,True,True,True,True,5,True,0
GZMB,0.163569,0.026218,0.459044,0.21756,0.015554,True,True,True,True,True,5,True,0
TYROBP,0.159851,0.111081,0.419657,0.075251,0.022899,True,True,True,True,True,5,True,0
CCL2,0.159851,0.050101,0.449082,0.155941,0.015775,True,True,True,True,True,5,True,0
ZAP70,0.148699,0.064068,0.459829,0.116678,0.017274,True,True,True,True,True,5,True,0
LAG3,0.148699,0.052123,0.445364,0.158974,0.016105,True,True,True,True,True,5,True,0
KLRK1,0.137546,0.055546,0.459044,0.144946,0.015145,True,True,True,True,True,5,True,0
CD68,0.130112,0.041673,0.449833,0.125988,0.01465,True,True,True,True,True,5,True,0
LCP2,0.126394,0.057927,0.439542,0.077554,0.016451,True,True,True,True,True,5,True,0
TBX21,0.126394,0.023195,0.448333,0.170533,0.012831,True,True,True,True,True,5,True,0
CD79A,0.122677,0.067629,0.435275,0.085732,0.014772,True,True,True,True,True,5,True,0
CD38,0.118959,0.019304,0.446103,0.138063,0.012192,True,True,True,True,True,5,True,0
GZMA,0.111524,0.01746,0.429712,0.139758,0.010857,True,True,True,True,True,5,True,0
CD8A,0.104089,0.032944,0.457483,0.162393,0.010162,True,True,True,True,True,5,True,0
KLRB1,0.100372,0.012593,0.435275,0.142338,0.009907,True,True,True,True,True,5,True,0
IL2RB,0.100372,0.008917,0.431782,0.139683,0.0099,True,True,True,True,True,5,True,0
CX3CL1,0.096654,0.010235,0.373093,0.10286,0.009203,True,True,False,True,True,4,True,0
CCL17,0.096654,0.006634,0.411315,0.118234,0.008906,True,True,True,True,True,5,True,0
CCL22,0.092937,0.003867,0.415765,0.119828,0.008419,True,False,True,True,True,4,True,0
CCL27,0.089219,0.001819,0.359626,0.090871,0.008268,True,False,False,True,True,3,True,0
GZMK,0.085502,0.006063,0.39911,0.108269,0.008246,True,True,False,True,True,4,True,0
CCL13,0.085502,0.002779,0.358667,0.081609,0.008063,True,False,False,True,True,3,True,0
TGFB1,0.078067,0.052378,0.422292,0.068776,0.010795,True,True,True,True,True,5,True,0
HLA-DOA,0.070632,0.012128,0.397929,0.039237,0.009937,True,True,False,False,True,3,True,0
ITGAE,0.070632,0.006019,0.422956,0.096769,0.007163,True,False,True,True,True,4,True,0
NECTIN2,0.066914,0.027908,0.359626,0.040637,0.008529,True,True,False,False,True,3,True,0
PIK3R2,0.066914,0.023119,0.360107,0.033068,0.008778,True,True,False,False,True,3,True,0
HLA-F,0.063197,0.017424,0.343112,0.025378,0.009194,True,True,False,False,True,3,True,0
CCR5,0.063197,0.00692,0.422292,0.112366,0.006034,True,True,True,True,True,5,True,0
TNFRSF8,0.063197,0.006636,0.420312,0.074209,0.00677,True,True,True,True,True,5,True,0
NKG7,0.063197,0.00277,0.372576,0.079811,0.006293,True,False,False,True,True,3,True,0
CD19,0.05948,0.017996,0.415123,0.088546,0.006498,True,True,True,True,True,5,True,0
LGALS3,0.05948,0.015377,0.382102,0.041901,0.007424,True,True,False,False,True,3,True,0
FCGR3A,0.05948,0.010383,0.440262,0.104194,0.006167,True,True,True,True,True,5,True,0
CD247,0.05948,0.010225,0.438825,0.10171,0.006216,True,True,True,True,True,5,True,0
CD2,0.05948,0.008782,0.42429,0.108339,0.005975,True,True,True,True,True,5,True,0
GZMH,0.055762,0.016456,0.364993,0.064214,0.006465,True,True,False,True,True,4,True,0
BLNK,0.055762,0.007754,0.358189,0.031291,0.006832,True,True,False,False,True,3,True,0
CTLA4,0.055762,0.007018,0.43109,0.105436,0.005617,True,True,True,True,True,5,True,0
CXCR3,0.055762,0.005185,0.409437,0.105386,0.005309,True,False,True,True,True,4,True,0
LCK,0.048327,0.014083,0.428344,0.067542,0.005683,True,True,True,True,True,5,True,0
SELL,0.048327,0.010561,0.43109,0.089559,0.005107,True,True,True,True,True,5,True,0
CXCL9,0.048327,0.006757,0.405732,0.082977,0.004726,True,True,True,True,True,5,True,0
CXCR4,0.048327,0.00472,0.400298,0.082443,0.004803,True,False,True,True,True,4,True,0
CXCR5,0.048327,0.001793,0.399703,0.096639,0.004562,True,False,False,True,True,3,True,0
PRF1,0.048327,0.001294,0.413846,0.102807,0.004748,True,False,True,True,True,4,True,0
IL10RA,0.04461,0.011322,0.400298,0.056173,0.00531,True,True,True,True,True,5,True,0
TNFRSF17,0.04461,0.01028,0.351175,0.033459,0.005889,True,True,False,False,True,3,True,0
FOXP3,0.04461,0.002402,0.426307,0.094807,0.004541,True,False,True,True,True,4,True,0
CCL4,0.04461,0.001993,0.401493,0.083138,0.004322,True,False,True,True,True,4,True,0
CXCL10,0.04461,0.00157,0.404511,0.085671,0.004273,True,False,True,True,False,3,True,0
SELPLG,0.040892,0.01569,0.334994,0.028274,0.005392,True,True,False,False,True,3,True,0
SYK,0.040892,0.009736,0.4304,0.046458,0.004913,True,True,True,False,True,4,True,0
VWF,0.040892,0.008954,0.354881,0.020949,0.005383,True,True,False,False,True,3,True,0
CD40LG,0.040892,0.006442,0.402093,0.070663,0.004353,True,True,True,True,True,5,True,0
CX3CR1,0.040892,0.005982,0.411945,0.073932,0.004108,True,False,True,True,False,3,True,0
TIGIT,0.040892,0.005932,0.408815,0.079732,0.004343,True,False,True,True,True,4,True,0
CD3E,0.040892,0.004353,0.42097,0.076747,0.004361,True,False,True,True,True,4,True,0
CD3D,0.040892,0.00233,0.417054,0.074382,0.004282,True,False,True,True,True,4,True,0
ITGB7,0.037175,0.032502,0.397341,0.030125,0.005256,True,True,False,False,True,3,True,0
SRC,0.037175,0.014509,0.4304,0.054824,0.004449,True,True,True,True,True,5,True,0
ITGB2,0.037175,0.013747,0.422956,0.049743,0.004622,True,True,True,False,True,4,True,0
CSK,0.037175,0.009543,0.329657,0.017218,0.005369,True,True,False,False,True,3,True,0
ICOS,0.037175,0.006952,0.409437,0.078792,0.003948,True,True,True,True,False,4,True,0
CD40,0.037175,0.005607,0.404511,0.070426,0.004066,True,False,True,True,False,3,True,0
NCR1,0.037175,0.00402,0.419657,0.072493,0.004031,True,False,True,True,False,3,True,0
FASLG,0.037175,0.002837,0.416409,0.075298,0.003941,True,False,True,True,False,3,True,0
PDCD1,0.037175,0.000742,0.415123,0.07955,0.003873,True,False,True,True,False,3,True,0
CD86,0.037175,0.000698,0.415123,0.087625,0.003822,True,False,True,True,False,3,True,0
KLRC1,0.02974,0.007588,0.417702,0.051084,0.003717,False,True,True,True,False,3,True,0
VAMP8,0.172043,0.226484,0.297125,0.42196,0.038891,True,True,True,True,True,5,True,1
NAPA,0.172043,0.13675,0.279279,0.42135,0.039801,True,True,True,True,True,5,True,1
YKT6,0.150538,0.387856,0.30897,0.392682,0.033811,True,True,True,True,True,5,True,1
ARF5,0.107527,0.374634,0.272727,0.011715,0.0336,True,True,True,False,True,4,True,1
PLEK,0.096774,0.182757,0.204396,0.001212,0.035197,True,True,False,False,True,3,True,1
ARF3,0.086022,0.178795,0.263456,0.011706,0.027076,True,True,True,False,True,4,True,1
STX5,0.075269,0.278502,0.274336,0.24877,0.018647,True,True,True,True,True,5,True,1
USE1,0.075269,0.023582,0.261972,0.259195,0.017484,True,False,True,True,True,4,True,1
STX1B,0.075269,0.012307,0.268012,0.269182,0.016871,True,False,True,True,True,4,True,1
GET4,0.064516,0.182796,0.225182,0.0369,0.025984,True,True,False,False,True,3,True,1
RABAC1,0.064516,0.145824,0.225182,0.040431,0.023414,True,True,False,False,True,3,True,1
VAMP2,0.064516,0.117687,0.259053,0.212204,0.016544,True,True,True,True,True,5,True,1
ARF6,0.064516,0.076925,0.199143,0.000815,0.023001,True,True,False,False,True,3,True,1
ARF1,0.053763,0.103783,0.234257,0.003702,0.01694,True,True,True,False,True,4,True,1
RAB11FIP3,0.053763,0.094748,0.227941,0.001789,0.020793,True,True,False,False,True,3,True,1
PDLIM4,0.053763,0.084619,0.166369,0.000883,0.025611,True,True,False,False,True,3,True,1
GORASP2,0.043011,0.147386,0.236641,0.044201,0.013944,True,True,True,True,True,5,True,1
RAB1A,0.043011,0.14425,0.261972,0.06572,0.013458,True,True,True,True,True,5,True,1
CYTH1,0.043011,0.106494,0.233668,0.00339,0.014122,True,True,True,False,True,4,True,1
FERMT3,0.043011,0.063815,0.171904,0.000174,0.019622,True,True,False,False,True,3,True,1
BST2,0.043011,0.063815,0.15952,0.000723,0.021496,True,True,False,False,True,3,True,1
STX11,0.043011,0.033544,0.248663,0.170907,0.010852,True,False,True,True,False,3,True,1
STX4,0.043011,0.0,0.24734,0.201552,0.009952,True,False,True,True,False,3,True,1
BET1L,0.043011,0.0,0.24734,0.201552,0.009952,True,False,True,True,False,3,True,1
COPE,0.021505,0.31466,0.28972,0.054514,0.006505,False,True,True,True,False,3,True,1
AP1B1,0.021505,0.156588,0.279279,0.058459,0.006539,False,True,True,True,False,3,True,1
MAPK3,0.157258,0.289317,0.390551,0.382973,0.030953,True,True,True,True,True,5,True,2
MAPK13,0.108871,0.086799,0.35942,0.306984,0.020967,True,True,True,True,True,5,True,2
PPP2CB,0.092742,0.087967,0.322078,0.176084,0.01893,True,True,True,True,True,5,True,2
SPI1,0.08871,0.153626,0.329787,0.145028,0.019049,True,True,True,True,True,5,True,2
TNFRSF1A,0.080645,0.090893,0.330226,0.143358,0.015919,True,True,True,True,True,5,True,2
TRAF2,0.080645,0.048852,0.317949,0.13357,0.015739,True,True,True,True,True,5,True,2
EGR1,0.072581,0.078405,0.357349,0.210279,0.01456,True,True,True,True,True,5,True,2
TAB1,0.064516,0.041089,0.326746,0.150454,0.012165,True,True,True,True,True,5,True,2
HDAC1,0.060484,0.117711,0.339726,0.11785,0.01313,True,True,True,True,True,5,True,2
TSC2,0.060484,0.093547,0.317949,0.105147,0.013856,True,True,True,True,True,5,True,2
IRF1,0.060484,0.084505,0.330667,0.116474,0.013844,True,True,True,True,True,5,True,2
AKT1,0.056452,0.127613,0.371814,0.183008,0.010982,True,True,True,True,True,5,True,2
FOSB,0.056452,0.028848,0.32376,0.17145,0.011264,True,True,True,True,True,5,True,2
JUN,0.052419,0.090879,0.368499,0.204758,0.010114,True,True,True,True,True,5,True,2
STUB1,0.052419,0.060829,0.326746,0.071446,0.011334,True,True,True,True,True,5,True,2
PPP4C,0.052419,0.028214,0.265525,0.071343,0.011108,True,True,False,True,True,4,True,2
DAXX,0.048387,0.046915,0.328042,0.095844,0.009635,True,True,True,True,True,5,True,2
HSPB8,0.048387,0.031818,0.270447,0.035105,0.011394,True,True,False,False,True,3,True,2
JUND,0.048387,0.018649,0.325459,0.169059,0.009145,True,True,True,True,True,5,True,2
PPP2R5B,0.048387,0.011666,0.28972,0.096631,0.009116,True,False,True,True,True,4,True,2
FOS,0.044355,0.053999,0.344924,0.178332,0.008779,True,True,True,True,True,5,True,2
MEF2D,0.044355,0.036163,0.306551,0.087571,0.00991,True,True,True,True,True,5,True,2
IRF8,0.044355,0.030817,0.307311,0.08664,0.010155,True,True,True,True,True,5,True,2
HSPB1,0.044355,0.028598,0.313131,0.080094,0.008872,True,True,True,True,True,5,True,2
MAP2K2,0.044355,0.02444,0.310388,0.138103,0.009469,True,True,True,True,True,5,True,2
SMAD7,0.040323,0.051585,0.31195,0.05007,0.011615,True,True,True,False,True,4,True,2
LAMTOR1,0.040323,0.048045,0.246276,0.019225,0.012995,True,True,False,False,True,3,True,2
RELB,0.040323,0.016278,0.294187,0.055561,0.008337,True,True,True,True,True,5,True,2
MYD88,0.03629,0.053598,0.337875,0.106113,0.007299,True,True,True,True,True,5,True,2
CEBPB,0.03629,0.047311,0.339726,0.153397,0.007196,True,True,True,True,True,5,True,2
RELA,0.03629,0.037896,0.315924,0.111216,0.006812,True,True,True,True,True,5,True,2
SRF,0.03629,0.022676,0.299879,0.095063,0.007728,True,True,True,True,True,5,True,2
RIPK3,0.03629,0.021462,0.275862,0.054972,0.007694,True,True,False,True,True,4,True,2
MAPK11,0.03629,0.021418,0.327177,0.154233,0.006885,True,True,True,True,True,5,True,2
TCF3,0.03629,0.021163,0.216028,0.011122,0.009066,True,True,False,False,True,3,True,2
PML,0.032258,0.05298,0.331995,0.080448,0.006715,True,True,True,True,True,5,True,2
HDAC5,0.032258,0.030751,0.289382,0.031336,0.008529,True,True,True,False,True,4,True,2
BCL3,0.032258,0.02839,0.313131,0.080524,0.006705,True,True,True,True,True,5,True,2
GSK3A,0.032258,0.025547,0.299156,0.064394,0.007487,True,True,True,True,True,5,True,2
PPP1R1A,0.032258,0.002322,0.25,0.058829,0.00625,True,False,False,True,True,3,True,2
TICAM1,0.028226,0.025734,0.262712,0.023971,0.007578,True,True,False,False,True,3,True,2
LMO2,0.028226,0.013604,0.252289,0.023316,0.006404,True,True,False,False,True,3,True,2
CDC25B,0.028226,0.012499,0.280226,0.062445,0.006479,True,False,False,True,True,3,True,2
IKBKG,0.028226,0.0068,0.277095,0.058517,0.005738,True,False,False,True,True,3,True,2
PRKACA,0.024194,0.038181,0.293491,0.065733,0.0056,True,True,True,True,True,5,True,2
NFATC1,0.024194,0.027536,0.322497,0.082037,0.005367,True,True,True,True,True,5,True,2
SDF2L1,0.024194,0.024179,0.235294,0.011744,0.007041,True,True,False,False,True,3,True,2
LIPE,0.024194,0.024025,0.234183,0.009383,0.006666,True,True,False,False,True,3,True,2
ARRB2,0.024194,0.017887,0.302808,0.081884,0.005655,True,True,True,True,True,5,True,2
AKT2,0.024194,0.00667,0.30355,0.112724,0.004864,True,False,True,True,True,4,True,2
PPP2R1A,0.024194,0.005943,0.290398,0.09199,0.004745,True,False,True,True,False,3,True,2
BHLHE40,0.020161,0.030395,0.283429,0.028247,0.00522,True,True,True,False,True,4,True,2
HSF1,0.020161,0.030226,0.300606,0.057881,0.004508,True,True,True,True,False,4,True,2
ACP5,0.020161,0.024113,0.261603,0.026717,0.006314,True,True,False,False,True,3,True,2
SMAD3,0.020161,0.021928,0.317542,0.070179,0.00456,True,True,True,True,False,4,True,2
H2AX,0.020161,0.020212,0.25567,0.014732,0.005424,True,True,False,False,True,3,True,2
NR1D1,0.020161,0.016533,0.227941,0.004732,0.006294,True,True,False,False,True,3,True,2
SFN,0.020161,0.014343,0.280226,0.035577,0.004817,True,True,False,False,True,3,True,2
DAB2IP,0.020161,0.011945,0.289044,0.041677,0.004747,True,False,True,False,True,3,True,2
MAP2K3,0.020161,0.010164,0.314322,0.101957,0.00424,True,False,True,True,False,3,True,2
MAPKAPK2,0.020161,0.009837,0.298436,0.083714,0.004584,True,False,True,True,False,3,True,2
HRAS,0.016129,0.017485,0.290058,0.056595,0.004143,False,True,True,True,False,3,True,2
NCF1,0.016129,0.013604,0.319176,0.085974,0.003492,False,True,True,True,False,3,True,2
PRPF19,0.266667,0.360844,0.464602,0.319187,0.047564,True,True,True,True,True,5,True,3
SF3A2,0.209524,0.073046,0.39924,0.293498,0.031768,True,True,True,True,True,5,True,3
TARDBP,0.2,0.130055,0.390335,0.197218,0.032417,True,True,True,True,True,5,True,3
SNRPA,0.190476,0.067078,0.397727,0.270579,0.02842,True,True,True,True,True,5,True,3
HNRNPL,0.190476,0.059629,0.405405,0.24069,0.028042,True,True,True,True,True,5,True,3
SF3A1,0.180952,0.071004,0.406977,0.260844,0.028326,True,True,True,True,True,5,True,3
SF3B4,0.171429,0.090571,0.397727,0.254396,0.026283,True,True,True,True,True,5,True,3
FUS,0.171429,0.069914,0.376344,0.180741,0.027084,True,True,True,True,True,5,True,3
PABPN1,0.12381,0.112149,0.39924,0.144798,0.022189,True,True,True,True,True,5,True,3
SRSF9,0.12381,0.020765,0.377698,0.180085,0.018575,True,True,True,True,True,5,True,3
EIF4A3,0.114286,0.17139,0.42,0.150084,0.020456,True,True,True,True,True,5,True,3
SNRNP70,0.114286,0.041752,0.405405,0.229844,0.017173,True,True,True,True,True,5,True,3
PSMD3,0.104762,0.147638,0.29745,0.008621,0.034554,True,True,False,False,True,3,True,3
SYMPK,0.104762,0.098899,0.337621,0.04243,0.025973,True,True,False,False,True,3,True,3
SNRPB,0.104762,0.07511,0.397727,0.16458,0.017689,True,True,True,True,True,5,True,3
HNRNPA2B1,0.085714,0.014228,0.386029,0.158912,0.013057,True,False,True,True,True,4,True,3
XAB2,0.085714,0.009255,0.357143,0.149178,0.014469,True,False,True,True,True,4,True,3
HNRNPH3,0.085714,0.004398,0.320122,0.099932,0.013252,True,False,False,True,True,3,True,3
ISY1,0.07619,0.071081,0.377698,0.083965,0.015251,True,True,True,False,True,4,True,3
SF3B5,0.07619,0.005732,0.353535,0.15342,0.011886,True,False,True,True,True,4,True,3
RBM42,0.07619,0.001396,0.337621,0.147766,0.011512,True,False,False,True,True,3,True,3
U2AF1,0.066667,0.012396,0.376344,0.158883,0.010313,True,False,True,True,False,3,True,3
PTBP1,0.066667,0.007474,0.367133,0.135452,0.010316,True,False,True,True,False,3,True,3
HNRNPM,0.066667,0.00342,0.344262,0.114603,0.010143,True,False,True,True,False,3,True,3
SART1,0.066667,0.002332,0.352349,0.145798,0.010587,True,False,True,True,False,3,True,3
DDX39A,0.057143,0.044825,0.345395,0.047907,0.012983,True,True,True,False,True,4,True,3
PSMB4,0.038095,0.174109,0.355932,0.030349,0.011997,False,True,True,False,True,3,True,3
ERBB2,0.287879,0.276857,0.34555,0.40481,0.078321,True,True,True,True,True,5,True,4
NGFR,0.227273,0.326366,0.370787,0.34631,0.058278,True,True,True,True,True,5,True,4
NTRK2,0.212121,0.218471,0.366667,0.375473,0.056055,True,True,True,True,True,5,True,4
EFNB1,0.181818,0.371679,0.360656,0.196257,0.046124,True,True,True,True,True,5,True,4
NCK2,0.151515,0.263075,0.311321,0.060339,0.046451,True,True,True,False,True,4,True,4
NGEF,0.136364,0.041915,0.312796,0.207,0.031725,True,False,True,True,True,4,True,4
DGCR2,0.106061,0.153129,0.238267,0.002186,0.03168,True,True,False,False,True,3,True,4
EPHA1,0.106061,0.014274,0.318841,0.209074,0.024208,True,False,True,True,True,4,True,4
EFNA3,0.090909,0.142109,0.381503,0.259107,0.02165,True,True,True,True,True,5,True,4
EFNA4,0.090909,0.142109,0.381503,0.259107,0.02165,True,True,True,True,True,5,True,4
DGCR6L,0.075758,0.107001,0.232394,0.002257,0.023757,True,True,False,False,True,3,True,4
IGF2,0.075758,0.094674,0.312796,0.175758,0.023042,True,True,True,True,True,5,True,4
EFNA1,0.075758,0.027881,0.347368,0.229863,0.018383,True,False,True,True,True,4,True,4
EPHA2,0.060606,0.043019,0.328358,0.151559,0.014945,True,True,True,True,False,4,True,4
NDUFS3,0.296296,0.337138,0.465517,0.367363,0.047464,True,True,True,True,True,5,True,5
NDUFS7,0.222222,0.18767,0.444444,0.312915,0.034649,True,True,True,True,True,5,True,5
UQCRC1,0.212963,0.145936,0.394161,0.292263,0.03586,True,True,True,True,True,5,True,5
ATP5F1D,0.194444,0.12935,0.4,0.280999,0.027194,True,True,True,True,True,5,True,5
NDUFA2,0.194444,0.04479,0.381625,0.269117,0.03091,True,True,True,True,True,5,True,5
GABARAPL2,0.157407,0.295691,0.327273,0.006278,0.055737,True,True,True,False,True,4,True,5
ATP5F1B,0.157407,0.098843,0.388489,0.207329,0.023233,True,True,True,True,True,5,True,5
ATP6V1B2,0.148148,0.060861,0.307692,0.127956,0.019227,True,True,False,True,True,4,True,5
NDUFB11,0.138889,0.02719,0.376307,0.247735,0.021327,True,True,True,True,True,5,True,5
ATP6V0A1,0.12963,0.009949,0.278351,0.091873,0.016176,True,False,False,True,True,3,True,5
TCIRG1,0.12963,0.009949,0.278351,0.091873,0.016176,True,False,False,True,True,3,True,5
MGLL,0.111111,0.161561,0.343949,0.104484,0.030081,True,True,True,True,True,5,True,5
FIS1,0.092593,0.176011,0.338558,0.022179,0.024452,True,True,True,False,True,4,True,5
NDUFS2,0.092593,0.022174,0.368601,0.196302,0.014816,True,True,True,True,True,5,True,5
COX4I1,0.083333,0.123386,0.385714,0.179375,0.013275,True,True,True,True,True,5,True,5
COX6A2,0.074074,0.038749,0.352941,0.160872,0.012621,True,True,True,True,True,5,True,5
ATP5MC1,0.074074,0.03822,0.351792,0.132642,0.010211,True,True,True,True,True,5,True,5
ATP5MC3,0.074074,0.034215,0.350649,0.112389,0.00998,True,True,True,True,False,4,True,5
COX5A,0.074074,0.002946,0.352941,0.177472,0.011197,True,False,True,True,True,4,True,5
COX4I2,0.064815,0.002329,0.351792,0.154377,0.009946,True,False,True,True,False,3,True,5
SDHC,0.055556,0.018681,0.347267,0.131642,0.009903,True,True,True,True,False,4,True,5
ECSIT,0.055556,0.018553,0.326284,0.106878,0.010025,True,True,True,True,True,5,True,5
PINK1,0.046296,0.305259,0.401487,0.061305,0.011201,False,True,True,False,True,3,True,5
RPS3,0.421053,0.182092,0.556485,0.284532,0.043078,True,True,True,True,True,5,True,6
RPL8,0.398496,0.149859,0.549587,0.27139,0.040667,True,True,True,True,True,5,True,6
CD74,0.323308,0.09801,0.534137,0.260191,0.030573,True,True,True,True,True,5,True,6
RPL3L,0.300752,0.050761,0.523622,0.255704,0.027297,True,True,True,True,True,5,True,6
BYSL,0.270677,0.108051,0.501887,0.148847,0.027286,True,True,True,True,True,5,True,6
SEC61A1,0.255639,0.067375,0.478417,0.212658,0.025618,True,True,True,True,True,5,True,6
FANCE,0.240602,0.026283,0.478417,0.221997,0.022186,True,True,True,True,True,5,True,6
RSAD1,0.240602,0.018124,0.490775,0.222296,0.02166,True,True,True,True,True,5,True,6
MRPL34,0.233083,0.142953,0.478417,0.136285,0.026716,True,True,True,True,True,5,True,6
IMP4,0.218045,0.036878,0.457045,0.114302,0.021212,True,True,True,True,True,5,True,6
FBL,0.203008,0.041944,0.478417,0.135826,0.01959,True,True,True,True,True,5,True,6
NOB1,0.195489,0.053277,0.458621,0.111419,0.02066,True,True,True,True,True,5,True,6
HSPBP1,0.195489,0.005337,0.465035,0.201799,0.017334,True,False,True,True,True,4,True,6
RPS9,0.18797,0.076918,0.519531,0.168663,0.017935,True,True,True,True,True,5,True,6
FAU,0.150376,0.055587,0.476703,0.148773,0.015644,True,True,True,True,True,5,True,6
RPS16,0.150376,0.033851,0.498127,0.155144,0.014451,True,True,True,True,True,5,True,6
MRPS34,0.135338,0.022407,0.370474,0.048116,0.017017,True,True,False,False,True,3,True,6
RPS19,0.135338,0.017309,0.466667,0.146998,0.012856,True,True,True,True,True,5,True,6
MRPS12,0.12782,0.039533,0.488971,0.135066,0.012687,True,True,True,True,True,5,True,6
IMP3,0.12782,0.023748,0.481884,0.137041,0.012141,True,True,True,True,True,5,True,6
EEFSEC,0.120301,0.04588,0.430421,0.108119,0.013945,True,True,True,True,True,5,True,6
RPL3,0.120301,0.015502,0.465035,0.13315,0.011419,True,True,True,True,True,5,True,6
NOP53,0.120301,0.009773,0.44186,0.104538,0.011331,True,False,True,True,True,4,True,6
RPS29,0.112782,0.008664,0.476703,0.128284,0.010721,True,False,True,True,True,4,True,6
EIF3K,0.112782,0.006426,0.436066,0.106849,0.011137,True,False,True,True,True,4,True,6
RPS21,0.112782,0.004316,0.449324,0.132566,0.010564,True,False,True,True,True,4,True,6
RPL18,0.105263,0.003709,0.418239,0.121825,0.010039,True,False,True,True,True,4,True,6
EDF1,0.097744,0.001079,0.42492,0.107868,0.009172,True,False,True,True,False,3,True,6
EXOSC5,0.090226,0.014509,0.39233,0.046387,0.009619,True,True,False,False,True,3,True,6
EXOSC7,0.090226,0.014509,0.39233,0.046387,0.009619,True,True,False,False,True,3,True,6
MRPS2,0.090226,0.014115,0.443333,0.108521,0.00931,True,True,True,True,True,5,True,6
MRPL4,0.090226,0.011834,0.47331,0.114864,0.009026,True,False,True,True,False,3,True,6
FLT3LG,0.090226,0.002231,0.446309,0.120239,0.008532,True,False,True,True,False,3,True,6
SLC9A1,0.181818,0.368546,0.363636,0.417937,0.034995,True,True,True,True,True,5,True,7
ATP1B2,0.147727,0.160434,0.32,0.384649,0.028645,True,True,True,True,True,5,True,7
ATP12A,0.136364,0.029127,0.302405,0.377596,0.025973,True,True,True,True,True,5,True,7
CNGB1,0.125,0.277707,0.31769,0.046722,0.032797,True,True,True,True,True,5,True,7
ABCB6,0.125,0.0064,0.30137,0.371808,0.023036,True,False,True,True,True,4,True,7
PLCB2,0.102273,0.190465,0.330827,0.048886,0.024942,True,True,True,True,True,5,True,7
CDIPT,0.102273,0.174409,0.294314,0.019869,0.02954,True,True,True,False,True,4,True,7
GUCY2D,0.102273,0.111634,0.251429,0.010961,0.033383,True,True,False,False,True,3,True,7
PYGM,0.102273,0.106956,0.298305,0.043231,0.026644,True,True,True,False,True,4,True,7
ITPKA,0.102273,0.088244,0.315412,0.03632,0.024984,True,True,True,False,True,4,True,7
CALM3,0.090909,0.240094,0.387665,0.094247,0.020946,True,True,True,True,True,5,True,7
PIGQ,0.079545,0.195163,0.275,0.059679,0.022041,True,True,False,True,True,4,True,7
CALML5,0.079545,0.176454,0.37931,0.089463,0.018586,True,True,True,True,True,5,True,7
CALML3,0.079545,0.176454,0.37931,0.089463,0.018586,True,True,True,True,True,5,True,7
GRIN2D,0.079545,0.149929,0.297297,0.039461,0.020779,True,True,True,False,True,4,True,7
ATP1B1,0.068182,0.207941,0.304498,0.2121,0.01649,True,True,True,True,True,5,True,7
PIGT,0.068182,0.056034,0.220551,0.011208,0.020618,True,True,False,False,True,3,True,7
WFS1,0.056818,0.152038,0.243094,0.030027,0.022509,True,True,False,False,True,3,True,7
P2RX1,0.056818,0.067398,0.234043,0.00645,0.020294,True,True,False,False,True,3,True,7
CNN1,0.056818,0.045305,0.287582,0.037273,0.015879,True,True,True,False,True,4,True,7
CAMK1,0.056818,0.027013,0.288525,0.045748,0.014194,True,True,True,True,False,4,True,7
CALM1,0.045455,0.031698,0.292359,0.068145,0.010756,False,True,True,True,False,3,True,7
TP53,0.336283,0.723314,0.476793,0.605419,0.097315,True,True,True,True,True,5,True,8
BRD4,0.110619,0.143563,0.381113,0.222098,0.029753,True,True,True,True,True,5,True,8
GTF2H4,0.066372,0.062722,0.312586,0.092875,0.014439,True,True,False,True,True,4,True,8
KAT2A,0.066372,0.050827,0.348765,0.154528,0.016906,True,True,True,True,True,5,True,8
MLLT1,0.061947,0.026659,0.305405,0.09595,0.013656,True,True,False,True,True,4,True,8
XRCC1,0.057522,0.074147,0.363929,0.127085,0.014007,True,True,True,True,True,5,True,8
ELL,0.057522,0.067717,0.358162,0.125883,0.013036,True,True,True,True,True,5,True,8
SETD1A,0.053097,0.05123,0.350388,0.132132,0.014738,True,True,True,True,True,5,True,8
LIG1,0.053097,0.050983,0.292746,0.078744,0.013128,True,True,False,True,True,4,True,8
POLR2A,0.048673,0.059179,0.322857,0.103383,0.011013,True,True,False,True,True,4,True,8
RPA1,0.048673,0.045153,0.352574,0.112909,0.012505,True,True,True,True,True,5,True,8
PAF1,0.048673,0.026308,0.297368,0.073427,0.010847,True,True,False,True,True,4,True,8
MED15,0.048673,0.019672,0.299338,0.0642,0.01042,True,True,False,True,True,4,True,8
TRIM28,0.044248,0.075087,0.366288,0.1358,0.01243,True,True,True,True,True,5,True,8
MED10,0.044248,0.010822,0.298942,0.063615,0.009198,True,True,False,True,True,4,True,8
MAD2L2,0.039823,0.03249,0.271635,0.023152,0.011413,True,True,False,False,True,3,True,8
CDK9,0.035398,0.067949,0.369281,0.136937,0.008441,True,True,True,True,True,5,True,8
PCNA,0.035398,0.051785,0.352025,0.108344,0.008817,True,True,True,True,True,5,True,8
CBX7,0.035398,0.046273,0.273939,0.021484,0.012296,True,True,False,False,True,3,True,8
H3-5,0.035398,0.045962,0.360447,0.135353,0.009076,True,True,True,True,True,5,True,8
BCL2L2,0.035398,0.026542,0.328012,0.092964,0.011491,True,True,True,True,True,5,True,8
POLR2E,0.030973,0.042694,0.259472,0.032044,0.007367,True,True,False,False,True,3,True,8
CDC34,0.030973,0.037358,0.256236,0.016208,0.00963,True,True,False,False,True,3,True,8
PIH1D1,0.030973,0.035226,0.257403,0.016453,0.008498,True,True,False,False,True,3,True,8
UNG,0.030973,0.018063,0.276284,0.037809,0.008264,True,True,False,False,True,3,True,8
PPP1CA,0.026549,0.050624,0.267456,0.009443,0.00899,True,True,False,False,True,3,True,8
EHMT2,0.026549,0.036349,0.351477,0.107841,0.007392,True,True,True,True,True,5,True,8
ERCC2,0.026549,0.0275,0.353678,0.1033,0.006,True,True,True,True,True,5,True,8
PPIF,0.026549,0.026444,0.327062,0.078535,0.009163,True,True,True,True,True,5,True,8
SMARCA4,0.026549,0.014857,0.347692,0.126427,0.007117,True,True,True,True,True,5,True,8
SIRT2,0.026549,0.014826,0.33432,0.0962,0.007363,True,True,True,True,True,5,True,8
UBA1,0.022124,0.065217,0.334815,0.066451,0.006344,True,True,True,True,True,5,True,8
UBE2M,0.022124,0.02735,0.255079,0.009041,0.007275,True,True,False,False,True,3,True,8
BRF2,0.022124,0.027012,0.207721,0.003513,0.008013,True,True,False,False,True,3,True,8
TELO2,0.022124,0.021316,0.268728,0.009214,0.007504,True,True,False,False,True,3,True,8
TAF6,0.022124,0.018643,0.344512,0.098165,0.005112,True,True,True,True,True,5,True,8
CCNK,0.022124,0.015158,0.348765,0.10446,0.006083,True,True,True,True,True,5,True,8
WDR5,0.022124,0.004494,0.349845,0.121136,0.005591,True,False,True,True,True,4,True,8
PPP1R13B,0.017699,0.053969,0.336811,0.068999,0.005936,True,True,True,True,True,5,True,8
BIN3,0.017699,0.043884,0.274605,0.01652,0.006063,True,True,False,False,True,3,True,8
DMAP1,0.017699,0.03534,0.288633,0.032584,0.004972,True,True,False,False,True,3,True,8
CTAG2,0.017699,0.026431,0.214625,0.001418,0.008367,True,True,False,False,True,3,True,8
USP11,0.017699,0.024322,0.327536,0.063397,0.006307,True,True,True,True,True,5,True,8
INO80B,0.017699,0.013235,0.225324,0.003745,0.005893,True,True,False,False,True,3,True,8
CDKN1A,0.017699,0.008869,0.32518,0.076822,0.005636,True,True,True,True,True,5,True,8
RIN3,0.013274,0.01766,0.178939,0.000171,0.006569,True,True,False,False,True,3,True,8
CDCA5,0.013274,0.01766,0.186469,0.000813,0.006184,True,True,False,False,True,3,True,8
OTUB1,0.013274,0.017384,0.326118,0.062505,0.005,True,True,True,True,True,5,True,8
OTUD5,0.013274,0.008968,0.248625,0.01273,0.005243,True,True,False,False,True,3,True,8
S100A11,0.013274,0.008869,0.246725,0.012509,0.005227,True,True,False,False,True,3,True,8
ZNF750,0.013274,0.008869,0.246725,0.012509,0.005227,True,True,False,False,True,3,True,8
MEN1,0.013274,0.00885,0.324713,0.06882,0.004634,True,False,True,True,False,3,True,8
RAD9A,0.013274,0.004997,0.333826,0.079789,0.003645,True,False,True,True,False,3,True,8
SIRT7,0.013274,0.002862,0.335312,0.085938,0.003872,True,False,True,True,False,3,True,8
E2F1,0.013274,0.000652,0.337818,0.098305,0.003718,True,False,True,True,False,3,True,8
GADD45G,0.013274,0.000398,0.332353,0.079139,0.003884,True,False,True,True,False,3,True,8
BAK1,0.013274,0.00021,0.327062,0.077771,0.004268,True,False,True,True,False,3,True,8
BAX,0.013274,0.00021,0.327062,0.077771,0.004268,True,False,True,True,False,3,True,8
CDKN2C,0.013274,7.9e-05,0.32518,0.075183,0.00426,True,False,True,True,False,3,True,8
CSNK2B,0.00885,0.021341,0.331378,0.062227,0.002918,False,True,True,True,False,3,True,8
E4F1,0.00885,0.018696,0.332353,0.061527,0.003025,False,True,True,True,False,3,True,8
RING1,0.00885,0.01582,0.329927,0.062755,0.003055,False,True,True,True,False,3,True,8
GNA12,0.134454,0.299164,0.249476,0.410055,0.04097,True,True,True,True,True,5,True,9
SLC6A3,0.092437,0.359817,0.255914,0.303356,0.025111,True,True,True,True,True,5,True,9
CD81,0.092437,0.314991,0.23062,0.041666,0.02884,True,True,True,False,True,4,True,9
GNA15,0.092437,0.124324,0.223684,0.246181,0.028255,True,True,True,True,True,5,True,9
CACNG1,0.084034,0.193914,0.209877,0.030717,0.031947,True,True,True,False,True,4,True,9
SCN2B,0.084034,0.086824,0.211744,0.009329,0.02229,True,True,True,False,True,4,True,9
ADRA2A,0.07563,0.157068,0.246888,0.362776,0.02022,True,True,True,True,True,5,True,9
TRPM4,0.07563,0.075208,0.211368,0.008109,0.021592,True,True,True,False,True,4,True,9
KCNQ1,0.067227,0.244513,0.225379,0.006726,0.020841,True,True,True,False,True,4,True,9
CERS4,0.067227,0.098419,0.155963,0.015032,0.024351,True,True,False,False,True,3,True,9
DRD4,0.067227,0.073712,0.234252,0.295037,0.017402,True,True,True,True,True,5,True,9
SNTA1,0.05042,0.239894,0.235644,0.032224,0.013458,True,True,True,False,True,4,True,9
MFGE8,0.05042,0.125791,0.194444,0.011418,0.019088,True,True,False,False,True,3,True,9
GNAI2,0.05042,0.102427,0.211368,0.165029,0.016388,True,True,True,True,True,5,True,9
S1PR4,0.042017,0.161802,0.214414,0.160622,0.013085,True,True,True,True,True,5,True,9
SCN4B,0.033613,0.172091,0.238477,0.010241,0.009305,True,True,True,False,True,4,True,9
APBA1,0.033613,0.093124,0.163912,0.000257,0.014638,True,True,False,False,True,3,True,9
GNB2,0.033613,0.016062,0.224953,0.238485,0.009369,True,False,True,True,True,4,True,9
GNG7,0.033613,0.016062,0.224953,0.238485,0.009369,True,False,True,True,True,4,True,9
COMT,0.033613,0.006444,0.224528,0.191162,0.008946,True,False,True,True,False,3,True,9
DBH,0.033613,0.006444,0.224528,0.191162,0.008946,True,False,True,True,False,3,True,9
ADRA1D,0.02521,0.18871,0.231068,0.124949,0.007517,True,True,True,True,False,4,True,9
FLOT2,0.02521,0.119261,0.236111,0.067195,0.007967,True,True,True,True,False,4,True,9
FLOT1,0.02521,0.119261,0.236111,0.067195,0.007967,True,True,True,True,False,4,True,9
ADRA2C,0.02521,0.062835,0.238956,0.195316,0.007277,True,True,True,True,False,4,True,9
LPAR2,0.02521,0.050662,0.205527,0.123453,0.008822,True,False,True,True,False,3,True,9
GNG4,0.02521,0.009416,0.224105,0.172645,0.00746,True,False,True,True,False,3,True,9
MAOB,0.02521,0.003729,0.213645,0.125322,0.007036,True,False,True,True,False,3,True,9
CAMK2A,0.016807,0.070379,0.22243,0.060631,0.005907,False,True,True,True,False,3,True,9
CAMK2B,0.016807,0.070379,0.22243,0.060631,0.005907,False,True,True,True,False,3,True,9
NOTCH3,0.30303,0.528906,0.44898,0.147376,0.093197,True,True,True,True,True,5,True,10
DVL2,0.272727,0.587555,0.478261,0.343217,0.067455,True,True,True,True,True,5,True,10
FZD10,0.19697,0.162061,0.385965,0.357944,0.041714,True,True,True,True,True,5,True,10
DKK4,0.181818,0.074657,0.306977,0.296136,0.039429,True,True,False,True,True,4,True,10
WNT9A,0.151515,0.023604,0.312796,0.320827,0.029886,True,False,False,True,True,3,True,10
WNT10A,0.121212,0.073509,0.312796,0.204601,0.026304,True,True,False,True,True,4,True,10
WNT6,0.121212,0.016457,0.309859,0.273463,0.024132,True,False,False,True,True,3,True,10
LFNG,0.106061,0.064646,0.331658,0.04872,0.033781,True,True,True,False,True,4,True,10
WNT2,0.106061,0.020828,0.309859,0.212973,0.022064,True,False,False,True,True,3,True,10
PARD6A,0.090909,0.118415,0.354839,0.085842,0.030713,True,True,True,False,True,4,True,10
NOTCH1,0.090909,0.083837,0.4,0.093588,0.025525,True,True,True,False,True,4,True,10
FZD7,0.090909,0.057803,0.372881,0.206515,0.020353,True,True,True,True,True,5,True,10
FZD9,0.090909,0.045555,0.366667,0.208472,0.019578,True,True,True,True,True,5,True,10
ASCL1,0.075758,0.101807,0.264,0.004613,0.031358,True,True,False,False,True,3,True,10
CELSR1,0.075758,0.033906,0.349206,0.099492,0.021034,True,True,True,False,True,4,True,10
WNT1,0.075758,0.0246,0.366667,0.228109,0.016049,True,False,True,True,True,4,True,10
WNT10B,0.060606,0.030683,0.295964,0.126873,0.015062,True,True,False,True,False,3,True,10
WNT3A,0.060606,0.019065,0.364641,0.188916,0.013485,True,False,True,True,False,3,True,10
WNT11,0.060606,0.019065,0.364641,0.188916,0.013485,True,False,True,True,False,3,True,10
APOE,0.266667,0.647066,0.291262,0.345042,0.08809,True,True,True,True,True,5,True,11
PLD2,0.2,0.433727,0.263158,0.384367,0.053316,True,True,True,True,True,5,True,11
PLA2G7,0.144444,0.521375,0.294118,0.348847,0.038789,True,True,True,True,True,5,True,11
PLA2G15,0.1,0.024314,0.227848,0.250075,0.024421,True,False,False,True,True,3,True,11
DGKQ,0.088889,0.297878,0.229592,0.168288,0.024835,True,True,True,True,True,5,True,11
PLA2G3,0.077778,0.171227,0.278638,0.274927,0.01878,True,True,True,True,True,5,True,11
SERPING1,0.077778,0.123138,0.20316,0.02653,0.026825,True,True,False,False,True,3,True,11
LPCAT3,0.066667,0.008398,0.213777,0.18824,0.016941,True,False,False,True,True,3,True,11
HIP1R,0.055556,0.258177,0.174757,0.006694,0.023606,True,True,False,False,True,3,True,11
EHD2,0.055556,0.169288,0.136571,0.000221,0.025653,True,True,False,False,True,3,True,11
PROC,0.055556,0.06829,0.202247,0.024811,0.020868,True,True,False,False,True,3,True,11
RETN,0.055556,0.063629,0.196078,0.02299,0.021621,True,True,False,False,True,3,True,11
PLA2G6,0.044444,0.112299,0.276923,0.170346,0.012704,True,True,True,True,True,5,True,11
PLA2G2D,0.044444,0.090077,0.276074,0.211798,0.011289,True,True,True,True,False,4,True,11
PLD3,0.044444,0.05321,0.250696,0.170994,0.011485,True,True,True,True,False,4,True,11
PLA2G4C,0.033333,0.090077,0.275229,0.165519,0.009009,True,True,True,True,False,4,True,11
SERPINA1,0.033333,0.078027,0.23622,0.064537,0.012188,True,True,True,False,True,4,True,11
FGA,0.033333,0.078027,0.23622,0.064537,0.012188,True,True,True,False,True,4,True,11
AGPAT3,0.033333,0.043945,0.219512,0.095823,0.010886,True,True,False,True,False,3,True,11
APOC2,0.033333,0.010986,0.255682,0.123824,0.010544,True,False,True,True,False,3,True,11
APOC1,0.033333,0.010986,0.255682,0.123824,0.010544,True,False,True,True,False,3,True,11
PLA2G2F,0.033333,0.004282,0.252809,0.147098,0.008771,True,False,True,True,False,3,True,11
GSTM2,0.113208,0.257329,0.269492,0.035749,0.043097,True,True,True,False,True,4,True,18
CYP26A1,0.113208,0.179078,0.256866,0.088126,0.033917,True,True,True,True,True,5,True,18
ALDH2,0.09434,0.332995,0.285458,0.039103,0.031596,True,True,True,True,True,5,True,18
CYP11A1,0.075472,0.150631,0.268128,0.35339,0.018412,True,True,True,True,True,5,True,18
ACADS,0.075472,0.102962,0.246894,0.027368,0.023875,True,True,True,False,True,4,True,18
MVK,0.075472,0.100649,0.21371,0.289316,0.019341,True,True,False,True,True,4,True,18
STAR,0.069182,0.1021,0.246512,0.30005,0.01765,True,True,True,True,True,5,True,18
B3GAT2,0.062893,0.148055,0.26412,0.060277,0.018471,True,True,True,True,True,5,True,18
SRD5A1,0.062893,0.110609,0.239098,0.194561,0.017613,True,True,True,True,True,5,True,18
HMOX1,0.062893,0.088515,0.186183,0.003433,0.026665,True,True,False,False,True,3,True,18
TM7SF2,0.062893,0.04104,0.213423,0.289648,0.015294,True,True,False,True,True,4,True,18
HSD17B10,0.056604,0.094926,0.234513,0.036484,0.016767,True,True,True,True,True,5,True,18
CYP27A1,0.050314,0.04946,0.215156,0.156254,0.01384,True,True,False,True,True,4,True,18
ODC1,0.044025,0.055927,0.1875,0.001868,0.017505,True,True,False,False,True,3,True,18
ERG28,0.044025,0.020048,0.210875,0.229815,0.010344,True,False,False,True,True,3,True,18
SULT2B1,0.037736,0.237674,0.281416,0.174702,0.009942,True,True,True,True,True,5,True,18
DHCR7,0.037736,0.087606,0.254808,0.246134,0.008997,True,True,True,True,True,5,True,18
SIGMAR1,0.037736,0.025069,0.224576,0.231552,0.008823,True,False,True,True,True,4,True,18
CYP2E1,0.031447,0.404713,0.309339,0.055004,0.009745,True,True,True,True,True,5,True,18
CYP4F3,0.031447,0.112704,0.248438,0.010838,0.011774,True,True,True,False,True,4,True,18
DHCR24,0.031447,0.09587,0.254808,0.216681,0.007791,True,True,True,True,True,5,True,18
B4GALNT3,0.031447,0.06142,0.178251,0.006339,0.01045,True,True,False,False,True,3,True,18
FDFT1,0.031447,0.041971,0.179256,0.149473,0.0089,True,True,False,True,True,4,True,18
AMH,0.031447,0.025078,0.216033,0.144818,0.009534,True,True,False,True,True,4,True,18
DHRS11,0.025157,0.080045,0.242748,0.124065,0.006757,True,True,True,True,False,4,True,18
ACAA1,0.025157,0.075418,0.24424,0.018292,0.008117,True,True,True,False,True,4,True,18
HADH,0.025157,0.043299,0.223944,0.012585,0.008447,True,True,True,False,True,4,True,18
TECR,0.025157,0.032761,0.200758,0.003677,0.009948,True,True,False,False,True,3,True,18
FDXR,0.025157,0.030807,0.219008,0.14322,0.007256,True,True,False,True,True,4,True,18
NR5A1,0.025157,0.024998,0.216033,0.141197,0.007431,True,False,False,True,True,3,True,18
AOC1,0.018868,0.084707,0.226819,0.007316,0.006889,True,True,True,False,True,4,True,18
ADH7,0.018868,0.077758,0.260656,0.027957,0.006366,True,True,True,False,False,3,True,18
CYP2S1,0.018868,0.055548,0.234513,0.021935,0.007051,True,True,True,False,True,4,True,18
NDOR1,0.018868,0.049359,0.201266,0.002016,0.00696,True,True,False,False,True,3,True,18
EPHX2,0.018868,0.037417,0.22426,0.007134,0.0082,True,True,True,False,True,4,True,18
CHST8,0.018868,0.037258,0.152445,0.001355,0.007176,True,True,False,False,True,3,True,18
SREBF1,0.018868,0.029469,0.206494,0.107553,0.005468,True,True,False,True,False,3,True,18
UGT1A7,0.018868,0.026434,0.251582,0.058828,0.005607,True,True,True,True,False,4,True,18
UGT1A6,0.018868,0.026434,0.251582,0.058828,0.005607,True,True,True,True,False,4,True,18
UGT1A9,0.018868,0.026434,0.251582,0.058828,0.005607,True,True,True,True,False,4,True,18
UGT1A8,0.018868,0.026434,0.251582,0.058828,0.005607,True,True,True,True,False,4,True,18
ERP29,0.018868,0.025078,0.191106,0.003998,0.008736,True,True,False,False,True,3,True,18
CEL,0.018868,0.010778,0.241275,0.117379,0.005121,True,False,True,True,False,3,True,18
HSD11B2,0.018868,0.0,0.224894,0.14545,0.005103,True,False,True,True,False,3,True,18
SCT,0.27027,0.26036,0.411111,0.381801,0.069428,True,True,True,True,True,5,True,13
GRP,0.216216,0.534384,0.45679,0.293413,0.058049,True,True,True,True,True,5,True,13
CEACAM5,0.189189,0.41967,0.402174,0.08679,0.064979,True,True,True,False,True,4,True,13
SYP,0.189189,0.207958,0.313559,0.038673,0.070625,True,True,False,False,True,3,True,13
VIPR2,0.189189,0.164515,0.385417,0.384004,0.041838,True,True,True,True,True,5,True,13
POMC,0.162162,0.154755,0.381443,0.255489,0.043559,True,True,True,True,True,5,True,13
RAMP1,0.162162,0.029204,0.296,0.302095,0.034001,True,False,False,True,True,3,True,13
RAMP2,0.162162,0.029204,0.296,0.302095,0.034001,True,False,False,True,True,3,True,13
NTS,0.135135,0.055305,0.377551,0.214918,0.03628,True,False,True,True,True,4,True,13
VIPR1,0.135135,0.031757,0.316239,0.292278,0.029464,True,False,True,True,False,3,True,13
GNAS,0.135135,0.031757,0.316239,0.292278,0.029464,True,False,True,True,False,3,True,13
CHMP4B,0.75,0.545833,0.727273,0.532248,0.186679,True,True,True,True,True,5,True,14
VPS37B,0.625,0.179167,0.592593,0.473897,0.154276,True,True,True,True,True,5,True,14
PTPN23,0.3125,0.333333,0.571429,0.256138,0.081015,True,True,True,True,True,5,True,14
SCAF1,0.1875,0.233333,0.410256,0.054766,0.061325,True,True,False,False,True,3,True,14
CHMP2A,0.1875,0.125,0.470588,0.20268,0.056192,True,True,False,False,True,3,True,14
UBAP1,0.1875,0.008333,0.5,0.24472,0.048932,True,False,True,True,False,3,True,14
HGS,0.1875,0.008333,0.5,0.24472,0.048932,True,False,True,True,False,3,True,14
CHMP4A,0.1875,0.008333,0.5,0.24472,0.048932,True,False,True,True,False,3,True,14
GCK,0.241379,0.480445,0.414286,0.443918,0.059022,True,True,True,True,True,5,True,15
BCKDHA,0.224138,0.422123,0.349398,0.217398,0.060642,True,True,True,True,True,5,True,15
PFKL,0.172414,0.151206,0.351515,0.287511,0.044708,True,True,True,True,True,5,True,15
GALM,0.137931,0.104085,0.339181,0.246191,0.035159,True,True,True,True,True,5,True,15
KHK,0.137931,0.083942,0.322222,0.251696,0.036561,True,True,True,True,True,5,True,15
SPR,0.12069,0.134453,0.261261,0.070314,0.041133,True,True,False,False,True,3,True,15
PGD,0.12069,0.081639,0.311828,0.15607,0.032982,True,True,True,True,True,5,True,15
GPI,0.103448,0.273822,0.411348,0.243502,0.025897,True,True,True,True,True,5,True,15
PGLS,0.103448,0.047761,0.31016,0.151903,0.027435,True,False,False,True,True,3,True,15
TALDO1,0.086207,0.199954,0.389262,0.219677,0.021784,True,True,True,True,False,4,True,15
PMM1,0.086207,0.09269,0.322222,0.136308,0.024195,True,True,True,False,True,4,True,15
HK1,0.086207,0.030514,0.329545,0.238696,0.02166,True,False,True,True,False,3,True,15
HK2,0.086207,0.030514,0.329545,0.238696,0.02166,True,False,True,True,False,3,True,15
AKR1B1,0.068966,0.105868,0.327684,0.144219,0.019524,False,True,True,True,False,3,True,15
AKR1B10,0.068966,0.105868,0.327684,0.144219,0.019524,False,True,True,True,False,3,True,15
NT5C1A,0.177215,0.27899,0.284173,0.488214,0.050296,True,True,True,True,True,5,True,16
ATIC,0.164557,0.24439,0.277193,0.430447,0.047738,True,True,True,True,True,5,True,16
CTSD,0.126582,0.245148,0.242331,0.005547,0.03863,True,True,True,False,True,4,True,16
AK1,0.126582,0.184702,0.267797,0.297251,0.037291,True,True,True,True,True,5,True,16
ARSA,0.101266,0.283577,0.275261,0.019717,0.033871,True,True,True,False,True,4,True,16
NME3,0.101266,0.030899,0.232353,0.216667,0.029194,True,False,True,True,True,4,True,16
IDUA,0.088608,0.099838,0.259016,0.021796,0.02874,True,True,True,False,True,4,True,16
GALNS,0.075949,0.555307,0.305019,0.057202,0.023978,True,True,True,False,True,4,True,16
SORT1,0.063291,0.23012,0.213514,0.002918,0.02185,True,True,False,False,True,3,True,16
NAGLU,0.063291,0.082603,0.243827,0.016878,0.022299,True,True,True,False,True,4,True,16
APRT,0.050633,0.509477,0.305019,0.232666,0.014617,True,True,True,True,True,5,True,16
CANT1,0.050633,0.146478,0.237952,0.215494,0.015656,True,True,True,True,True,5,True,16
LGALS3BP,0.050633,0.122363,0.1975,0.043826,0.02119,True,True,False,False,True,3,True,16
ST14,0.050633,0.098994,0.157371,0.000118,0.023868,True,True,False,False,True,3,True,16
TYMS,0.050633,0.053457,0.230321,0.200191,0.01619,True,True,True,True,True,5,True,16
TCN2,0.050633,0.052418,0.218837,0.07635,0.018882,True,True,False,False,True,3,True,16
GGH,0.050633,0.025803,0.221289,0.138906,0.01667,True,False,False,True,True,3,True,16
FURIN,0.037975,0.189224,0.18287,0.000576,0.015893,True,True,False,False,True,3,True,16
PSAP,0.037975,0.100649,0.243827,0.005154,0.012472,True,True,True,False,False,3,True,16
DUT,0.037975,0.050503,0.227666,0.13343,0.012741,True,True,True,True,False,4,True,16
AMPD1,0.037975,0.003148,0.233038,0.222212,0.01122,True,False,True,True,False,3,True,16
MYL2,0.242188,0.334483,0.348774,0.514756,0.058901,True,True,True,True,True,5,True,17
MYH1,0.148438,0.157392,0.336842,0.37098,0.035818,True,True,True,True,True,5,True,17
PFN1,0.125,0.292955,0.342246,0.085698,0.035962,True,True,True,True,True,5,True,17
CKM,0.117188,0.115151,0.296984,0.287609,0.029493,True,True,True,True,True,5,True,17
ACTN4,0.109375,0.251461,0.309179,0.061046,0.037655,True,True,True,False,True,4,True,17
ACTR3B,0.09375,0.144801,0.326531,0.060399,0.023967,True,True,True,False,True,4,True,17
ARPC1A,0.085938,0.071696,0.319202,0.058838,0.021743,True,True,True,False,True,4,True,17
ACTB,0.078125,0.371379,0.389058,0.159154,0.020525,True,True,True,True,True,5,True,17
TNNC1,0.078125,0.00622,0.283186,0.233068,0.017818,True,False,True,True,True,4,True,17
DCTN3,0.054688,0.11135,0.307692,0.02429,0.018556,True,True,True,False,True,4,True,17
KLC4,0.054688,0.077666,0.213333,0.002008,0.022538,True,True,False,False,True,3,True,17
ACTG1,0.046875,0.132638,0.360563,0.101929,0.012464,True,True,True,True,True,5,True,17
ACTA1,0.046875,0.094546,0.314496,0.191985,0.011425,True,True,True,True,True,5,True,17
RAB35,0.046875,0.069328,0.198758,0.001074,0.0209,True,True,False,False,True,3,True,17
MAPRE3,0.039062,0.078855,0.232727,0.004965,0.014342,True,True,False,False,True,3,True,17
WAS,0.039062,0.071773,0.281319,0.027298,0.011034,True,True,True,False,True,4,True,17
CORO1A,0.039062,0.062865,0.225352,0.005108,0.014893,True,True,False,False,True,3,True,17
TUBB4A,0.039062,0.039318,0.288288,0.026205,0.012824,True,True,True,False,True,4,True,17
TUBA4A,0.039062,0.037549,0.312195,0.035507,0.011916,True,True,True,False,True,4,True,17
MYOD1,0.039062,0.031168,0.262295,0.107121,0.011418,True,True,False,True,True,4,True,17
TMOD1,0.039062,0.021868,0.243346,0.041029,0.011463,True,True,False,False,True,3,True,17
CASQ2,0.039062,0.016952,0.27234,0.101837,0.011178,True,False,True,True,True,4,True,17
DCTN2,0.03125,0.094615,0.263918,0.01148,0.010287,True,True,True,False,True,4,True,17
HCLS1,0.03125,0.069911,0.280088,0.026287,0.008888,True,True,True,False,True,4,True,17
ACTN2,0.03125,0.044585,0.286353,0.131312,0.008566,True,True,True,True,True,5,True,17
SLC6A8,0.03125,0.031188,0.190193,0.009623,0.012111,True,True,False,False,True,3,True,17
WASF2,0.03125,0.018433,0.275269,0.026659,0.008503,True,False,True,False,True,3,True,17
MYH2,0.03125,0.002362,0.268908,0.160344,0.007992,True,False,True,True,True,4,True,17
MYH6,0.03125,0.001098,0.26501,0.153514,0.007835,True,False,True,True,False,3,True,17
TNNT3,0.03125,0.000308,0.267782,0.176115,0.007566,True,False,True,True,False,3,True,17
TNNC2,0.03125,0.000308,0.267782,0.176115,0.007566,True,False,True,True,False,3,True,17
MYH7,0.03125,0.000308,0.267782,0.176115,0.007566,True,False,True,True,False,3,True,17
TGM1,0.246377,0.489234,0.370968,0.438386,0.069579,True,True,True,True,True,5,True,19
PKP1,0.15942,0.499876,0.375,0.3766,0.042828,True,True,True,True,True,5,True,19
TCF7L1,0.144928,0.394714,0.271654,0.018296,0.053689,True,True,False,False,True,3,True,19
PI3,0.130435,0.134295,0.30131,0.209304,0.037978,True,True,True,True,True,5,True,19
KRT5,0.115942,0.084159,0.296137,0.2596,0.028333,True,True,True,True,True,5,True,19
KRT14,0.101449,0.061428,0.302632,0.271107,0.024189,True,True,True,True,True,5,True,19
KRT6B,0.101449,0.024813,0.270588,0.229423,0.024017,True,False,False,True,True,3,True,19
CRNN,0.086957,0.122509,0.242105,0.02882,0.034569,True,True,False,False,True,3,True,19
BCL9,0.086957,0.086104,0.221865,0.005351,0.033395,True,True,False,False,True,3,True,19
KRT6A,0.086957,0.057056,0.253676,0.169056,0.022679,True,True,False,True,True,4,True,19
CYP4F22,0.086957,0.030264,0.278226,0.15554,0.026615,True,False,True,True,True,4,True,19
IVL,0.072464,0.080195,0.333333,0.23838,0.019765,True,True,True,True,True,5,True,19
SPRR3,0.057971,0.168905,0.303965,0.128732,0.018031,True,True,True,True,True,5,True,19
POU2F3,0.057971,0.113142,0.234694,0.030329,0.021809,True,True,False,False,True,3,True,19
EVPL,0.057971,0.070496,0.323944,0.186206,0.017653,True,True,True,True,True,5,True,19
TLE1,0.057971,0.066354,0.221154,0.004716,0.021739,True,True,False,False,True,3,True,19
SPRR1B,0.057971,0.047594,0.328571,0.220628,0.015435,True,True,True,True,False,4,True,19
SPRR2B,0.043478,0.120572,0.292373,0.119319,0.013844,True,True,True,True,False,4,True,19
PPL,0.043478,0.013377,0.317972,0.180255,0.012519,True,False,True,True,False,3,True,19
CCDC22,0.75,0.5,0.8,0.47475,0.25231,True,True,True,False,True,4,True,20
COMMD7,0.75,0.166667,0.8,0.537077,0.240079,True,True,True,True,True,5,True,20
COMMD4,0.75,0.166667,0.8,0.537077,0.240079,True,True,True,True,True,5,True,20
PITPNA,0.5,0.666667,0.666667,0.577349,0.239055,True,True,True,True,False,4,True,21
NTN1,0.5,0.5,0.571429,0.5,0.245945,True,True,True,True,True,5,True,21
SCARF1,0.5,0.5,0.571429,0.5,0.245945,True,True,True,True,True,5,True,21
TPSD1,1.0,1.0,1.0,0.707107,0.486486,True,True,True,True,True,5,True,12
